{"cameraMode":{"drawMode":0,"name":"Shaded","section":"Shading Mode"},"sceneLighting":true,"audioPlay":false,"sceneViewState":{"showFog":true,"showMaterialUpdate":false,"showSkybox":true,"showFlares":true,"showImageEffects":true,"showParticleSystems":true},"in2DMode":false,"pivot":{"x":-1.4350603818893433,"y":-3.828258991241455,"z":-0.5690808892250061},"rotation":{"x":-0.4025653302669525,"y":-0.11593250930309296,"z":0.051479462534189227,"w":-0.9065649509429932},"size":10.0,"orthographic":false}