{"cameraMode":{"drawMode":0,"name":"Shaded","section":"Shading Mode"},"sceneLighting":false,"audioPlay":false,"sceneViewState":{"showFog":true,"showMaterialUpdate":false,"showSkybox":false,"showFlares":true,"showImageEffects":true,"showParticleSystems":true},"in2DMode":false,"pivot":{"x":-1.0853021144866944,"y":1.8517206907272339,"z":-8.464731216430664},"rotation":{"x":0.0021243600640445949,"y":0.9832876920700073,"z":0.011495302431285382,"w":-0.1816719025373459},"size":1.0428720712661744,"orthographic":false}