{"cameraMode":{"drawMode":0,"name":"Shaded","section":"Shading Mode"},"sceneLighting":true,"audioPlay":false,"sceneViewState":{"showFog":false,"showMaterialUpdate":false,"showSkybox":false,"showFlares":false,"showImageEffects":false,"showParticleSystems":false},"in2DMode":false,"pivot":{"x":5.708539962768555,"y":-9.113164901733399,"z":16.44872283935547},"rotation":{"x":0.20278185606002809,"y":0.0323040708899498,"z":-0.006694246083498001,"w":0.9786759614944458},"size":30.708370208740236,"orthographic":false}