{"cameraMode":{"drawMode":0,"name":"Shaded","section":"Shading Mode"},"sceneLighting":true,"audioPlay":false,"sceneViewState":{"showFog":true,"showMaterialUpdate":false,"showSkybox":false,"showFlares":true,"showImageEffects":true,"showParticleSystems":true},"in2DMode":false,"pivot":{"x":-14.829999923706055,"y":0.9200000762939453,"z":0.3600000739097595},"rotation":{"x":0.18270450830459596,"y":-0.48366275429725649,"z":0.10400168597698212,"w":0.8496436476707459},"size":3.6373066902160646,"orthographic":false}