{"cameraMode":{"drawMode":0,"name":"Shaded","section":"Shading Mode"},"sceneLighting":true,"audioPlay":false,"sceneViewState":{"showFog":true,"showMaterialUpdate":false,"showSkybox":false,"showFlares":true,"showImageEffects":true,"showParticleSystems":true},"in2DMode":false,"pivot":{"x":0.0009999275207519532,"y":2.122000217437744,"z":-0.7850003242492676},"rotation":{"x":0.16743730008602143,"y":0.031047150492668153,"z":-0.005266130901873112,"w":0.9854026436805725},"size":8.414302825927735,"orthographic":false}