{"cameraMode":{"drawMode":0,"name":"Shaded","section":"Shading Mode"},"sceneLighting":false,"audioPlay":false,"sceneViewState":{"showFog":true,"showMaterialUpdate":false,"showSkybox":false,"showFlares":true,"showImageEffects":true,"showParticleSystems":true},"in2DMode":false,"pivot":{"x":0.0,"y":0.6873300075531006,"z":0.9342287182807922},"rotation":{"x":0.3089778423309326,"y":0.28766441345214846,"z":-0.0986359566450119,"w":0.9011529088020325},"size":1.7538739442825318,"orthographic":false}