{"cameraMode":{"drawMode":0,"name":"Shaded","section":"Shading Mode"},"sceneLighting":true,"audioPlay":false,"sceneViewState":{"showFog":true,"showMaterialUpdate":false,"showSkybox":true,"showFlares":true,"showImageEffects":true,"showParticleSystems":true},"in2DMode":false,"pivot":{"x":-4.006197929382324,"y":13.124455451965332,"z":-4.266741752624512},"rotation":{"x":0.3758658468723297,"y":0.12041319161653519,"z":-0.04932798072695732,"w":0.9174984693527222},"size":10.0,"orthographic":false}